USE `Furniture_Assembly_Pjct`;
-- CLIENTS
INSERT INTO `User` (`name`, `password`, `area_Code`) VALUES ('usuario1', 'JEZ/Oj4hmSIMgj0eRCUqnQ==', '1');
INSERT INTO `User` (`name`, `password`, `area_Code`) VALUES ('usuario2', 'JEZ/Oj4hmSIMgj0eRCUqnQ==', '1');
INSERT INTO `User` (`name`, `password`, `area_Code`) VALUES ('usuario3', 'JEZ/Oj4hmSIMgj0eRCUqnQ==', '1');
INSERT INTO `User` (`name`, `password`, `area_Code`) VALUES ('usuario4', 'JEZ/Oj4hmSIMgj0eRCUqnQ==', '1');
INSERT INTO `User` (`name`, `password`, `area_Code`) VALUES ('usuario5', 'JEZ/Oj4hmSIMgj0eRCUqnQ==', '1');
INSERT INTO `User` (`name`, `password`, `area_Code`) VALUES ('usuario6', 'JEZ/Oj4hmSIMgj0eRCUqnQ==', '1');
INSERT INTO `User` (`name`, `password`, `area_Code`) VALUES ('usuario7', 'JEZ/Oj4hmSIMgj0eRCUqnQ==', '1');
INSERT INTO `User` (`name`, `password`, `area_Code`) VALUES ('usuario8', 'JEZ/Oj4hmSIMgj0eRCUqnQ==', '1');
INSERT INTO `User` (`name`, `password`, `area_Code`) VALUES ('usuario9', 'JEZ/Oj4hmSIMgj0eRCUqnQ==', '2');
INSERT INTO `User` (`name`, `password`, `area_Code`) VALUES ('usuario10', 'JEZ/Oj4hmSIMgj0eRCUqnQ==', '2');
INSERT INTO `User` (`name`, `password`, `area_Code`) VALUES ('usuario11', 'JEZ/Oj4hmSIMgj0eRCUqnQ==', '2');
INSERT INTO `User` (`name`, `password`, `area_Code`) VALUES ('usuario12', 'JEZ/Oj4hmSIMgj0eRCUqnQ==', '2');
INSERT INTO `User` (`name`, `password`, `area_Code`) VALUES ('usuario13', 'JEZ/Oj4hmSIMgj0eRCUqnQ==', '2');
INSERT INTO `User` (`name`, `password`, `area_Code`) VALUES ('usuario14', 'JEZ/Oj4hmSIMgj0eRCUqnQ==', '2');
INSERT INTO `User` (`name`, `password`, `area_Code`) VALUES ('usuario15', 'JEZ/Oj4hmSIMgj0eRCUqnQ==', '2');
INSERT INTO `User` (`name`, `password`, `area_Code`) VALUES ('usuario16', 'JEZ/Oj4hmSIMgj0eRCUqnQ==', '2');
INSERT INTO `User` (`name`, `password`, `area_Code`) VALUES ('usuario17', 'JEZ/Oj4hmSIMgj0eRCUqnQ==', '3');
INSERT INTO `User` (`name`, `password`, `area_Code`) VALUES ('usuario18', 'JEZ/Oj4hmSIMgj0eRCUqnQ==', '3');
INSERT INTO `User` (`name`, `password`, `area_Code`) VALUES ('usuario19', 'JEZ/Oj4hmSIMgj0eRCUqnQ==', '3');
INSERT INTO `User` (`name`, `password`, `area_Code`) VALUES ('usuario20', 'JEZ/Oj4hmSIMgj0eRCUqnQ==', '3');
INSERT INTO `User` (`name`, `password`, `area_Code`) VALUES ('usuario21', 'JEZ/Oj4hmSIMgj0eRCUqnQ==', '3');
INSERT INTO `User` (`name`, `password`, `area_Code`) VALUES ('usuario22', 'JEZ/Oj4hmSIMgj0eRCUqnQ==', '3');
INSERT INTO `User` (`name`, `password`, `area_Code`) VALUES ('usuario23', 'JEZ/Oj4hmSIMgj0eRCUqnQ==', '3');
INSERT INTO `User` (`name`, `password`, `area_Code`) VALUES ('usuario24', 'JEZ/Oj4hmSIMgj0eRCUqnQ==', '3');
INSERT INTO `User` (`name`, `password`, `area_Code`) VALUES ('usuario25', 'JEZ/Oj4hmSIMgj0eRCUqnQ==', '2');
INSERT INTO `User` (`name`, `password`, `area_Code`) VALUES ('usuario26', 'JEZ/Oj4hmSIMgj0eRCUqnQ==', '2');
INSERT INTO `User` (`name`, `password`, `area_Code`) VALUES ('usuario27', 'JEZ/Oj4hmSIMgj0eRCUqnQ==', '2');
INSERT INTO `User` (`name`, `password`, `area_Code`) VALUES ('usuario28', 'JEZ/Oj4hmSIMgj0eRCUqnQ==', '2');
INSERT INTO `User` (`name`, `password`, `area_Code`) VALUES ('usuario29', 'JEZ/Oj4hmSIMgj0eRCUqnQ==', '2');
INSERT INTO `User` (`name`, `password`, `area_Code`) VALUES ('usuario30', 'JEZ/Oj4hmSIMgj0eRCUqnQ==', '2');
INSERT INTO `User` (`name`, `password`, `area_Code`) VALUES ('usuario31', 'JEZ/Oj4hmSIMgj0eRCUqnQ==', '2');
INSERT INTO `User` (`name`, `password`, `area_Code`) VALUES ('usuario32', 'JEZ/Oj4hmSIMgj0eRCUqnQ==', '2');
INSERT INTO `User` (`name`, `password`, `area_Code`) VALUES ('usuario33', 'JEZ/Oj4hmSIMgj0eRCUqnQ==', '1');
INSERT INTO `User` (`name`, `password`, `area_Code`) VALUES ('usuario34', 'JEZ/Oj4hmSIMgj0eRCUqnQ==', '1');
INSERT INTO `User` (`name`, `password`, `area_Code`) VALUES ('usuario35', 'JEZ/Oj4hmSIMgj0eRCUqnQ==', '1');
INSERT INTO `User` (`name`, `password`, `area_Code`) VALUES ('usuario36', 'JEZ/Oj4hmSIMgj0eRCUqnQ==', '1');
INSERT INTO `User` (`name`, `password`, `area_Code`) VALUES ('usuario37', 'JEZ/Oj4hmSIMgj0eRCUqnQ==', '1');
INSERT INTO `User` (`name`, `password`, `area_Code`) VALUES ('usuario38', 'JEZ/Oj4hmSIMgj0eRCUqnQ==', '1');
INSERT INTO `User` (`name`, `password`, `area_Code`) VALUES ('usuario39', 'JEZ/Oj4hmSIMgj0eRCUqnQ==', '1');
INSERT INTO `User` (`name`, `password`, `area_Code`) VALUES ('usuario40', 'JEZ/Oj4hmSIMgj0eRCUqnQ==', '1');
INSERT INTO `User` (`name`, `password`, `area_Code`) VALUES ('usuario41', 'JEZ/Oj4hmSIMgj0eRCUqnQ==', '2');
-- CLIENT
INSERT INTO `Client` (`nit`, `name`, `adress`) VALUES ('42323678k','cliente1', 'direccion de cliente...');
INSERT INTO `Client` (`nit`, `name`, `adress`) VALUES ('22342679k','cliente2', 'direccion de cliente...');
INSERT INTO `Client` (`nit`, `name`, `adress`) VALUES ('41235615k','cliente3', 'direccion de cliente...');
INSERT INTO `Client` (`nit`, `name`, `adress`) VALUES ('12345678k','cliente4', 'direccion de cliente...');
INSERT INTO `Client` (`nit`, `name`, `adress`) VALUES ('12346238k','cliente5', 'direccion de cliente...');
INSERT INTO `Client` (`nit`, `name`, `adress`, `municipality`, `department`) VALUES ('12021378k','cliente6', 'direccion de cliente...', '1', '1');
INSERT INTO `Client` (`nit`, `name`, `adress`, `municipality`, `department`) VALUES ('121456781','cliente7', 'direccion de cliente...', '1', '1');
INSERT INTO `Client` (`nit`, `name`, `adress`, `municipality`, `department`) VALUES ('456000081','cliente8', 'direccion de cliente...', '1', '1');
INSERT INTO `Client` (`nit`, `name`, `adress`, `municipality`, `department`) VALUES ('03281678k','cliente9', 'direccion de cliente...', '1', '1');
INSERT INTO `Client` (`nit`, `name`, `adress`, `municipality`, `department`) VALUES ('091236784','cliente10', 'direccion de cliente...', '1', '1');
INSERT INTO `Client` (`nit`, `name`, `adress`, `municipality`, `department`) VALUES ('591056782','cliente11', 'direccion de cliente...', '1', '1');
INSERT INTO `Client` (`nit`, `name`, `adress`, `municipality`, `department`) VALUES ('1234123dd','cliente12', 'direccion de cliente...', '1', '1');
-- PIECES
INSERT INTO `Furniture_Piece` (`name`, `cost`) VALUES ('pieza1', '12');
INSERT INTO `Furniture_Piece` (`name`, `cost`) VALUES ('pieza1', '12');
INSERT INTO `Furniture_Piece` (`name`, `cost`) VALUES ('pieza1', '12');
INSERT INTO `Furniture_Piece` (`name`, `cost`) VALUES ('pieza1', '12');
INSERT INTO `Furniture_Piece` (`name`, `cost`) VALUES ('pieza1', '12');
INSERT INTO `Furniture_Piece` (`name`, `cost`) VALUES ('pieza1', '12');
INSERT INTO `Furniture_Piece` (`name`, `cost`) VALUES ('pieza1', '12');
INSERT INTO `Furniture_Piece` (`name`, `cost`) VALUES ('pieza1', '12');
INSERT INTO `Furniture_Piece` (`name`, `cost`) VALUES ('pieza1', '12');
INSERT INTO `Furniture_Piece` (`name`, `cost`) VALUES ('pieza1', '12');
INSERT INTO `Furniture_Piece` (`name`, `cost`) VALUES ('pieza1', '12');
INSERT INTO `Furniture_Piece` (`name`, `cost`) VALUES ('pieza2', '16');
INSERT INTO `Furniture_Piece` (`name`, `cost`) VALUES ('pieza2', '16');
INSERT INTO `Furniture_Piece` (`name`, `cost`) VALUES ('pieza2', '16');
INSERT INTO `Furniture_Piece` (`name`, `cost`) VALUES ('pieza2', '16');
INSERT INTO `Furniture_Piece` (`name`, `cost`) VALUES ('pieza2', '16');
INSERT INTO `Furniture_Piece` (`name`, `cost`) VALUES ('pieza2', '16');
INSERT INTO `Furniture_Piece` (`name`, `cost`) VALUES ('pieza2', '16');
INSERT INTO `Furniture_Piece` (`name`, `cost`) VALUES ('pieza2', '16');
INSERT INTO `Furniture_Piece` (`name`, `cost`) VALUES ('pieza2', '16');
INSERT INTO `Furniture_Piece` (`name`, `cost`) VALUES ('pieza2', '16');
INSERT INTO `Furniture_Piece` (`name`, `cost`) VALUES ('pieza2', '16');
INSERT INTO `Furniture_Piece` (`name`, `cost`) VALUES ('pieza3', '10.12');
INSERT INTO `Furniture_Piece` (`name`, `cost`) VALUES ('pieza3', '10.12');
INSERT INTO `Furniture_Piece` (`name`, `cost`) VALUES ('pieza3', '10.12');
INSERT INTO `Furniture_Piece` (`name`, `cost`) VALUES ('pieza3', '10.12');
INSERT INTO `Furniture_Piece` (`name`, `cost`) VALUES ('pieza3', '10.12');
INSERT INTO `Furniture_Piece` (`name`, `cost`) VALUES ('pieza3', '10.12');
INSERT INTO `Furniture_Piece` (`name`, `cost`) VALUES ('pieza3', '10.12');
INSERT INTO `Furniture_Piece` (`name`, `cost`) VALUES ('pieza3', '10.12');
INSERT INTO `Furniture_Piece` (`name`, `cost`) VALUES ('pieza3', '10.12');
INSERT INTO `Furniture_Piece` (`name`, `cost`) VALUES ('pieza3', '10.12');
INSERT INTO `Furniture_Piece` (`name`, `cost`) VALUES ('pieza3', '10.12');
INSERT INTO `Furniture_Piece` (`name`, `cost`) VALUES ('pieza4', '21.21');
INSERT INTO `Furniture_Piece` (`name`, `cost`) VALUES ('pieza4', '21.21');
INSERT INTO `Furniture_Piece` (`name`, `cost`) VALUES ('pieza4', '21.21');
INSERT INTO `Furniture_Piece` (`name`, `cost`) VALUES ('pieza4', '21.21');
INSERT INTO `Furniture_Piece` (`name`, `cost`) VALUES ('pieza4', '21.21');
INSERT INTO `Furniture_Piece` (`name`, `cost`) VALUES ('pieza4', '21.21');
INSERT INTO `Furniture_Piece` (`name`, `cost`) VALUES ('pieza4', '21.21');
INSERT INTO `Furniture_Piece` (`name`, `cost`) VALUES ('pieza4', '21.21');
INSERT INTO `Furniture_Piece` (`name`, `cost`) VALUES ('pieza4', '21.21');
INSERT INTO `Furniture_Piece` (`name`, `cost`) VALUES ('pieza4', '21.21');
INSERT INTO `Furniture_Piece` (`name`, `cost`) VALUES ('pieza4', '21.21');
INSERT INTO `Furniture_Piece` (`name`, `cost`) VALUES ('pieza1', '14');
INSERT INTO `Furniture_Piece` (`name`, `cost`) VALUES ('pieza1', '14');
INSERT INTO `Furniture_Piece` (`name`, `cost`) VALUES ('pieza1', '14');
INSERT INTO `Furniture_Piece` (`name`, `cost`) VALUES ('pieza1', '14');
INSERT INTO `Furniture_Piece` (`name`, `cost`) VALUES ('pieza1', '14');
INSERT INTO `Furniture_Piece` (`name`, `cost`) VALUES ('pieza1', '14');
INSERT INTO `Furniture_Piece` (`name`, `cost`) VALUES ('pieza1', '14');
INSERT INTO `Furniture_Piece` (`name`, `cost`) VALUES ('pieza1', '14');
INSERT INTO `Furniture_Piece` (`name`, `cost`) VALUES ('pieza1', '14');
INSERT INTO `Furniture_Piece` (`name`, `cost`) VALUES ('pieza1', '14');
INSERT INTO `Furniture_Piece` (`name`, `cost`) VALUES ('pieza1', '14');
INSERT INTO `Furniture_Piece` (`name`, `cost`) VALUES ('pieza1', '14');
INSERT INTO `Furniture_Piece` (`name`, `cost`) VALUES ('pieza1', '14');
INSERT INTO `Furniture_Piece` (`name`, `cost`) VALUES ('pieza1', '14');
INSERT INTO `Furniture_Piece` (`name`, `cost`) VALUES ('pieza1', '14');
INSERT INTO `Furniture_Piece` (`name`, `cost`) VALUES ('pieza1', '14');
INSERT INTO `Furniture_Piece` (`name`, `cost`) VALUES ('pieza1', '14');
INSERT INTO `Furniture_Piece` (`name`, `cost`) VALUES ('pieza1', '14');
INSERT INTO `Furniture_Piece` (`name`, `cost`) VALUES ('pieza1', '14');
INSERT INTO `Furniture_Piece` (`name`, `cost`) VALUES ('pieza1', '14');
INSERT INTO `Furniture_Piece` (`name`, `cost`) VALUES ('pieza1', '14');
INSERT INTO `Furniture_Piece` (`name`, `cost`) VALUES ('pieza1', '14');
INSERT INTO `Furniture_Piece` (`name`, `cost`) VALUES ('pieza1', '14');
INSERT INTO `Furniture_Piece` (`name`, `cost`) VALUES ('pieza1', '14');
INSERT INTO `Furniture_Piece` (`name`, `cost`) VALUES ('pieza1', '14');
INSERT INTO `Furniture_Piece` (`name`, `cost`) VALUES ('pieza1', '14');
INSERT INTO `Furniture_Piece` (`name`, `cost`) VALUES ('pieza1', '14');
INSERT INTO `Furniture_Piece` (`name`, `cost`) VALUES ('pieza1', '14');
INSERT INTO `Furniture_Piece` (`name`, `cost`) VALUES ('pieza1', '14');
INSERT INTO `Furniture_Piece` (`name`, `cost`) VALUES ('pieza2', '14.2');
INSERT INTO `Furniture_Piece` (`name`, `cost`) VALUES ('pieza2', '14.2');
INSERT INTO `Furniture_Piece` (`name`, `cost`) VALUES ('pieza2', '14.2');
INSERT INTO `Furniture_Piece` (`name`, `cost`) VALUES ('pieza2', '14.2');
INSERT INTO `Furniture_Piece` (`name`, `cost`) VALUES ('pieza2', '14.2');
INSERT INTO `Furniture_Piece` (`name`, `cost`) VALUES ('pieza2', '14.2');
INSERT INTO `Furniture_Piece` (`name`, `cost`) VALUES ('pieza2', '14.2');
INSERT INTO `Furniture_Piece` (`name`, `cost`) VALUES ('pieza2', '14.2');
INSERT INTO `Furniture_Piece` (`name`, `cost`) VALUES ('pieza2', '14.2');
INSERT INTO `Furniture_Piece` (`name`, `cost`) VALUES ('pieza2', '14.2');
INSERT INTO `Furniture_Piece` (`name`, `cost`) VALUES ('pieza2', '14.2');
INSERT INTO `Furniture_Piece` (`name`, `cost`) VALUES ('pieza2', '14.2');
INSERT INTO `Furniture_Piece` (`name`, `cost`) VALUES ('pieza2', '14.2');
INSERT INTO `Furniture_Piece` (`name`, `cost`) VALUES ('pieza2', '14.2');
INSERT INTO `Furniture_Piece` (`name`, `cost`) VALUES ('pieza2', '14.2');
INSERT INTO `Furniture_Piece` (`name`, `cost`) VALUES ('pieza2', '14.2');
INSERT INTO `Furniture_Piece` (`name`, `cost`) VALUES ('pieza2', '14.2');
INSERT INTO `Furniture_Piece` (`name`, `cost`) VALUES ('pieza2', '14.2');
INSERT INTO `Furniture_Piece` (`name`, `cost`) VALUES ('pieza2', '14.2');
INSERT INTO `Furniture_Piece` (`name`, `cost`) VALUES ('pieza2', '14.2');
INSERT INTO `Furniture_Piece` (`name`, `cost`) VALUES ('pieza2', '14.2');
INSERT INTO `Furniture_Piece` (`name`, `cost`) VALUES ('pieza2', '14.2');
INSERT INTO `Furniture_Piece` (`name`, `cost`) VALUES ('pieza2', '14.2');
INSERT INTO `Furniture_Piece` (`name`, `cost`) VALUES ('pieza2', '14.2');
INSERT INTO `Furniture_Piece` (`name`, `cost`) VALUES ('pieza2', '14.2');
INSERT INTO `Furniture_Piece` (`name`, `cost`) VALUES ('pieza2', '14.2');
INSERT INTO `Furniture_Piece` (`name`, `cost`) VALUES ('pieza2', '14.2');
INSERT INTO `Furniture_Piece` (`name`, `cost`) VALUES ('pieza2', '14.2');
INSERT INTO `Furniture_Piece` (`name`, `cost`) VALUES ('pieza2', '14.2');
INSERT INTO `Furniture_Piece` (`name`, `cost`) VALUES ('pieza3', '20.1');
INSERT INTO `Furniture_Piece` (`name`, `cost`) VALUES ('pieza3', '20.1');
INSERT INTO `Furniture_Piece` (`name`, `cost`) VALUES ('pieza3', '20.1');
INSERT INTO `Furniture_Piece` (`name`, `cost`) VALUES ('pieza3', '20.1');
INSERT INTO `Furniture_Piece` (`name`, `cost`) VALUES ('pieza3', '20.1');
INSERT INTO `Furniture_Piece` (`name`, `cost`) VALUES ('pieza3', '20.1');
INSERT INTO `Furniture_Piece` (`name`, `cost`) VALUES ('pieza3', '20.1');
INSERT INTO `Furniture_Piece` (`name`, `cost`) VALUES ('pieza3', '20.1');
INSERT INTO `Furniture_Piece` (`name`, `cost`) VALUES ('pieza3', '20.1');
INSERT INTO `Furniture_Piece` (`name`, `cost`) VALUES ('pieza3', '20.1');
INSERT INTO `Furniture_Piece` (`name`, `cost`) VALUES ('pieza3', '20.1');
INSERT INTO `Furniture_Piece` (`name`, `cost`) VALUES ('pieza3', '20.1');
INSERT INTO `Furniture_Piece` (`name`, `cost`) VALUES ('pieza3', '20.1');
INSERT INTO `Furniture_Piece` (`name`, `cost`) VALUES ('pieza3', '20.1');
INSERT INTO `Furniture_Piece` (`name`, `cost`) VALUES ('pieza3', '20.1');
INSERT INTO `Furniture_Piece` (`name`, `cost`) VALUES ('pieza3', '20.1');
INSERT INTO `Furniture_Piece` (`name`, `cost`) VALUES ('pieza3', '20.1');
INSERT INTO `Furniture_Piece` (`name`, `cost`) VALUES ('pieza3', '20.1');
INSERT INTO `Furniture_Piece` (`name`, `cost`) VALUES ('pieza3', '20.1');
INSERT INTO `Furniture_Piece` (`name`, `cost`) VALUES ('pieza3', '20.1');
INSERT INTO `Furniture_Piece` (`name`, `cost`) VALUES ('pieza3', '20.1');
INSERT INTO `Furniture_Piece` (`name`, `cost`) VALUES ('pieza3', '20.1');
INSERT INTO `Furniture_Piece` (`name`, `cost`) VALUES ('pieza3', '20.1');
INSERT INTO `Furniture_Piece` (`name`, `cost`) VALUES ('pieza3', '20.1');
INSERT INTO `Furniture_Piece` (`name`, `cost`) VALUES ('pieza3', '20.1');
INSERT INTO `Furniture_Piece` (`name`, `cost`) VALUES ('pieza3', '20.1');
INSERT INTO `Furniture_Piece` (`name`, `cost`) VALUES ('pieza3', '20.1');
INSERT INTO `Furniture_Piece` (`name`, `cost`) VALUES ('pieza3', '20.1');
INSERT INTO `Furniture_Piece` (`name`, `cost`) VALUES ('pieza3', '20.1');
INSERT INTO `Furniture_Piece` (`name`, `cost`) VALUES ('pieza4', '16.23');
INSERT INTO `Furniture_Piece` (`name`, `cost`) VALUES ('pieza4', '16.23');
INSERT INTO `Furniture_Piece` (`name`, `cost`) VALUES ('pieza4', '16.23');
INSERT INTO `Furniture_Piece` (`name`, `cost`) VALUES ('pieza4', '16.23');
INSERT INTO `Furniture_Piece` (`name`, `cost`) VALUES ('pieza4', '16.23');
INSERT INTO `Furniture_Piece` (`name`, `cost`) VALUES ('pieza4', '16.23');
INSERT INTO `Furniture_Piece` (`name`, `cost`) VALUES ('pieza4', '16.23');
INSERT INTO `Furniture_Piece` (`name`, `cost`) VALUES ('pieza4', '16.23');
INSERT INTO `Furniture_Piece` (`name`, `cost`) VALUES ('pieza4', '16.23');
INSERT INTO `Furniture_Piece` (`name`, `cost`) VALUES ('pieza4', '16.23');
INSERT INTO `Furniture_Piece` (`name`, `cost`) VALUES ('pieza4', '16.23');
INSERT INTO `Furniture_Piece` (`name`, `cost`) VALUES ('pieza4', '16.23');
INSERT INTO `Furniture_Piece` (`name`, `cost`) VALUES ('pieza4', '16.23');
INSERT INTO `Furniture_Piece` (`name`, `cost`) VALUES ('pieza4', '16.23');
INSERT INTO `Furniture_Piece` (`name`, `cost`) VALUES ('pieza4', '16.23');
INSERT INTO `Furniture_Piece` (`name`, `cost`) VALUES ('pieza4', '16.23');
INSERT INTO `Furniture_Piece` (`name`, `cost`) VALUES ('pieza4', '16.23');
INSERT INTO `Furniture_Piece` (`name`, `cost`) VALUES ('pieza4', '16.23');
INSERT INTO `Furniture_Piece` (`name`, `cost`) VALUES ('pieza4', '16.23');
INSERT INTO `Furniture_Piece` (`name`, `cost`) VALUES ('pieza4', '16.23');
INSERT INTO `Furniture_Piece` (`name`, `cost`) VALUES ('pieza4', '16.23');
INSERT INTO `Furniture_Piece` (`name`, `cost`) VALUES ('pieza4', '16.23');
INSERT INTO `Furniture_Piece` (`name`, `cost`) VALUES ('pieza4', '16.23');
INSERT INTO `Furniture_Piece` (`name`, `cost`) VALUES ('pieza4', '16.23');
INSERT INTO `Furniture_Piece` (`name`, `cost`) VALUES ('pieza4', '16.23');
INSERT INTO `Furniture_Piece` (`name`, `cost`) VALUES ('pieza4', '16.23');
INSERT INTO `Furniture_Piece` (`name`, `cost`) VALUES ('pieza4', '16.23');
INSERT INTO `Furniture_Piece` (`name`, `cost`) VALUES ('pieza4', '16.23');
INSERT INTO `Furniture_Piece` (`name`, `cost`) VALUES ('pieza4', '16.23');
INSERT INTO `Furniture_Piece` (`name`, `cost`) VALUES ('pieza1', '17.02');
INSERT INTO `Furniture_Piece` (`name`, `cost`) VALUES ('pieza1', '17.02');
INSERT INTO `Furniture_Piece` (`name`, `cost`) VALUES ('pieza1', '17.02');
INSERT INTO `Furniture_Piece` (`name`, `cost`) VALUES ('pieza1', '17.02');
INSERT INTO `Furniture_Piece` (`name`, `cost`) VALUES ('pieza1', '17.02');
INSERT INTO `Furniture_Piece` (`name`, `cost`) VALUES ('pieza1', '17.02');
INSERT INTO `Furniture_Piece` (`name`, `cost`) VALUES ('pieza1', '17.02');
INSERT INTO `Furniture_Piece` (`name`, `cost`) VALUES ('pieza1', '17.02');
INSERT INTO `Furniture_Piece` (`name`, `cost`) VALUES ('pieza1', '17.02');
INSERT INTO `Furniture_Piece` (`name`, `cost`) VALUES ('pieza1', '17.02');
INSERT INTO `Furniture_Piece` (`name`, `cost`) VALUES ('pieza1', '17.02');
INSERT INTO `Furniture_Piece` (`name`, `cost`) VALUES ('pieza1', '17.02');
INSERT INTO `Furniture_Piece` (`name`, `cost`) VALUES ('pieza1', '17.02');
INSERT INTO `Furniture_Piece` (`name`, `cost`) VALUES ('pieza1', '17.02');
INSERT INTO `Furniture_Piece` (`name`, `cost`) VALUES ('pieza1', '17.02');
INSERT INTO `Furniture_Piece` (`name`, `cost`) VALUES ('pieza1', '17.02');
INSERT INTO `Furniture_Piece` (`name`, `cost`) VALUES ('pieza1', '17.02');
INSERT INTO `Furniture_Piece` (`name`, `cost`) VALUES ('pieza1', '17.02');
INSERT INTO `Furniture_Piece` (`name`, `cost`) VALUES ('pieza1', '17.02');
INSERT INTO `Furniture_Piece` (`name`, `cost`) VALUES ('pieza1', '17.02');
INSERT INTO `Furniture_Piece` (`name`, `cost`) VALUES ('pieza1', '17.02');
INSERT INTO `Furniture_Piece` (`name`, `cost`) VALUES ('pieza1', '17.02');
INSERT INTO `Furniture_Piece` (`name`, `cost`) VALUES ('pieza1', '17.02');
INSERT INTO `Furniture_Piece` (`name`, `cost`) VALUES ('pieza1', '17.02');
INSERT INTO `Furniture_Piece` (`name`, `cost`) VALUES ('pieza1', '17.02');
INSERT INTO `Furniture_Piece` (`name`, `cost`) VALUES ('pieza1', '17.02');
INSERT INTO `Furniture_Piece` (`name`, `cost`) VALUES ('pieza1', '17.02');
INSERT INTO `Furniture_Piece` (`name`, `cost`) VALUES ('pieza1', '17.02');
INSERT INTO `Furniture_Piece` (`name`, `cost`) VALUES ('pieza1', '17.02');
INSERT INTO `Furniture_Piece` (`name`, `cost`) VALUES ('pieza2', '11.6');
INSERT INTO `Furniture_Piece` (`name`, `cost`) VALUES ('pieza2', '11.6');
INSERT INTO `Furniture_Piece` (`name`, `cost`) VALUES ('pieza2', '11.6');
INSERT INTO `Furniture_Piece` (`name`, `cost`) VALUES ('pieza2', '11.6');
INSERT INTO `Furniture_Piece` (`name`, `cost`) VALUES ('pieza2', '11.6');
INSERT INTO `Furniture_Piece` (`name`, `cost`) VALUES ('pieza2', '11.6');
INSERT INTO `Furniture_Piece` (`name`, `cost`) VALUES ('pieza2', '11.6');
INSERT INTO `Furniture_Piece` (`name`, `cost`) VALUES ('pieza2', '11.6');
INSERT INTO `Furniture_Piece` (`name`, `cost`) VALUES ('pieza2', '11.6');
INSERT INTO `Furniture_Piece` (`name`, `cost`) VALUES ('pieza2', '11.6');
INSERT INTO `Furniture_Piece` (`name`, `cost`) VALUES ('pieza2', '11.6');
INSERT INTO `Furniture_Piece` (`name`, `cost`) VALUES ('pieza2', '11.6');
INSERT INTO `Furniture_Piece` (`name`, `cost`) VALUES ('pieza2', '11.6');
INSERT INTO `Furniture_Piece` (`name`, `cost`) VALUES ('pieza2', '11.6');
INSERT INTO `Furniture_Piece` (`name`, `cost`) VALUES ('pieza2', '11.6');
INSERT INTO `Furniture_Piece` (`name`, `cost`) VALUES ('pieza2', '11.6');
INSERT INTO `Furniture_Piece` (`name`, `cost`) VALUES ('pieza2', '11.6');
INSERT INTO `Furniture_Piece` (`name`, `cost`) VALUES ('pieza3', '17');
INSERT INTO `Furniture_Piece` (`name`, `cost`) VALUES ('pieza3', '17');
INSERT INTO `Furniture_Piece` (`name`, `cost`) VALUES ('pieza3', '17');
INSERT INTO `Furniture_Piece` (`name`, `cost`) VALUES ('pieza3', '17');
INSERT INTO `Furniture_Piece` (`name`, `cost`) VALUES ('pieza3', '17');
INSERT INTO `Furniture_Piece` (`name`, `cost`) VALUES ('pieza3', '17');
INSERT INTO `Furniture_Piece` (`name`, `cost`) VALUES ('pieza3', '17');
INSERT INTO `Furniture_Piece` (`name`, `cost`) VALUES ('pieza3', '17');
INSERT INTO `Furniture_Piece` (`name`, `cost`) VALUES ('pieza3', '17');
INSERT INTO `Furniture_Piece` (`name`, `cost`) VALUES ('pieza3', '17');
INSERT INTO `Furniture_Piece` (`name`, `cost`) VALUES ('pieza3', '17');
INSERT INTO `Furniture_Piece` (`name`, `cost`) VALUES ('pieza3', '17');
INSERT INTO `Furniture_Piece` (`name`, `cost`) VALUES ('pieza4', '13.1');
INSERT INTO `Furniture_Piece` (`name`, `cost`) VALUES ('pieza4', '13.1');
INSERT INTO `Furniture_Piece` (`name`, `cost`) VALUES ('pieza4', '13.1');
INSERT INTO `Furniture_Piece` (`name`, `cost`) VALUES ('pieza4', '13.1');
INSERT INTO `Furniture_Piece` (`name`, `cost`) VALUES ('pieza4', '13.1');
INSERT INTO `Furniture_Piece` (`name`, `cost`) VALUES ('pieza4', '13.1');
INSERT INTO `Furniture_Piece` (`name`, `cost`) VALUES ('pieza4', '13.1');
-- furniture
INSERT INTO `Furniture` (`name`, `sell_Price`) VALUES ('mueble1', '320');
INSERT INTO `Furniture` (`name`, `sell_Price`) VALUES ('mueble2', '420');
INSERT INTO `Furniture` (`name`, `sell_Price`) VALUES ('mueble3', '123.75');
-- PIECE ASSEMBY
INSERT INTO `Piece_Assembly` (`furniture_Name`, `piece_Name`, `cuantity`) VALUES ('mueble1', 'pieza1', '1');
INSERT INTO `Piece_Assembly` (`furniture_Name`, `piece_Name`, `cuantity`) VALUES ('mueble1', 'pieza2', '1');
INSERT INTO `Piece_Assembly` (`furniture_Name`, `piece_Name`, `cuantity`) VALUES ('mueble1', 'pieza4', '3');
INSERT INTO `Piece_Assembly` (`furniture_Name`, `piece_Name`, `cuantity`) VALUES ('mueble2', 'pieza1', '1');
INSERT INTO `Piece_Assembly` (`furniture_Name`, `piece_Name`, `cuantity`) VALUES ('mueble2', 'pieza4', '2');
INSERT INTO `Piece_Assembly` (`furniture_Name`, `piece_Name`, `cuantity`) VALUES ('mueble3', 'pieza1', '1');
INSERT INTO `Piece_Assembly` (`furniture_Name`, `piece_Name`, `cuantity`) VALUES ('mueble3', 'pieza2', '4');
-- FURNITURE ASSEMBLIES
INSERT INTO `Furniture_Assembly` (`user_Name`, `date`, `sold`, `furniture_Name`, `assembly_Price`) VALUES ('usuario1', '2021-01-12', '0', 'mueble1', '143');
INSERT INTO `Furniture_Assembly` (`user_Name`, `date`, `sold`, `furniture_Name`, `assembly_Price`) VALUES ('usuario1', '2021-01-12', '0', 'mueble1', '143');
INSERT INTO `Furniture_Assembly` (`user_Name`, `date`, `sold`, `furniture_Name`, `assembly_Price`) VALUES ('usuario1', '2021-01-12', '0', 'mueble1', '143');
INSERT INTO `Furniture_Assembly` (`user_Name`, `date`, `sold`, `furniture_Name`, `assembly_Price`) VALUES ('usuario1', '2021-01-12', '0', 'mueble1', '143');
INSERT INTO `Furniture_Assembly` (`user_Name`, `date`, `sold`, `furniture_Name`, `assembly_Price`) VALUES ('usuario2', '2021-01-21', '0', 'mueble3', '46.2');
INSERT INTO `Furniture_Assembly` (`user_Name`, `date`, `sold`, `furniture_Name`, `assembly_Price`) VALUES ('usuario2', '2021-01-21', '0', 'mueble3', '46.2');
INSERT INTO `Furniture_Assembly` (`user_Name`, `date`, `sold`, `furniture_Name`, `assembly_Price`) VALUES ('usuario2', '2021-01-21', '0', 'mueble3', '46.2');
INSERT INTO `Furniture_Assembly` (`user_Name`, `date`, `sold`, `furniture_Name`, `assembly_Price`) VALUES ('usuario7', '2016-07-27', '0', 'mueble3', '45.12');
INSERT INTO `Furniture_Assembly` (`user_Name`, `date`, `sold`, `furniture_Name`, `assembly_Price`) VALUES ('usuario8', '2016-07-27', '1', 'mueble3', '45.12');
INSERT INTO `Furniture_Assembly` (`user_Name`, `date`, `sold`, `furniture_Name`, `assembly_Price`) VALUES ('usuario8', '2016-07-27', '1', 'mueble3', '45.12');
INSERT INTO `Furniture_Assembly` (`user_Name`, `date`, `sold`, `furniture_Name`, `assembly_Price`) VALUES ('usuario8', '2016-07-27', '1', 'mueble3', '45.12');
INSERT INTO `Furniture_Assembly` (`user_Name`, `date`, `sold`, `furniture_Name`, `assembly_Price`) VALUES ('usuario8', '2016-07-27', '1', 'mueble3', '45.12');
INSERT INTO `Furniture_Assembly` (`user_Name`, `date`, `sold`, `furniture_Name`, `assembly_Price`) VALUES ('usuario8', '2016-07-27', '1', 'mueble3', '45.12');
INSERT INTO `Furniture_Assembly` (`user_Name`, `date`, `sold`, `furniture_Name`, `assembly_Price`) VALUES ('usuario8', '2016-07-27', '1', 'mueble3', '45.12');
INSERT INTO `Furniture_Assembly` (`user_Name`, `date`, `sold`, `furniture_Name`, `assembly_Price`) VALUES ('usuario9', '2016-07-27', '1', 'mueble3', '45.12');
INSERT INTO `Furniture_Assembly` (`user_Name`, `date`, `sold`, `furniture_Name`, `assembly_Price`) VALUES ('usuario9', '2016-07-27', '1', 'mueble2', '198.12');
INSERT INTO `Furniture_Assembly` (`user_Name`, `date`, `sold`, `furniture_Name`, `assembly_Price`) VALUES ('usuario9', '2016-07-27', '1', 'mueble2', '198.12');
INSERT INTO `Furniture_Assembly` (`user_Name`, `date`, `sold`, `furniture_Name`, `assembly_Price`) VALUES ('usuario9', '2016-07-27', '1', 'mueble2', '198.12');
INSERT INTO `Furniture_Assembly` (`user_Name`, `date`, `sold`, `furniture_Name`, `assembly_Price`) VALUES ('usuario9', '2016-07-27', '1', 'mueble2', '198.12');
INSERT INTO `Furniture_Assembly` (`user_Name`, `date`, `sold`, `furniture_Name`, `assembly_Price`) VALUES ('usuario9', '2021-05-12', '1', 'mueble2', '198.12');
INSERT INTO `Furniture_Assembly` (`user_Name`, `date`, `sold`, `furniture_Name`, `assembly_Price`) VALUES ('usuario17', '2021-05-12', '1', 'mueble1', '140.12');
INSERT INTO `Furniture_Assembly` (`user_Name`, `date`, `sold`, `furniture_Name`, `assembly_Price`) VALUES ('usuario17', '2021-05-12', '1', 'mueble1', '140.12');
INSERT INTO `Furniture_Assembly` (`user_Name`, `date`, `sold`, `furniture_Name`, `assembly_Price`) VALUES ('usuario17', '2021-05-12', '1', 'mueble1', '140.12');
INSERT INTO `Furniture_Assembly` (`user_Name`, `date`, `sold`, `furniture_Name`, `assembly_Price`) VALUES ('usuario15', '2021-05-12', '1', 'mueble1', '140.12');
INSERT INTO `Furniture_Assembly` (`user_Name`, `date`, `sold`, `furniture_Name`, `assembly_Price`) VALUES ('usuario15', '2021-05-12', '1', 'mueble1', '140.12');
INSERT INTO `Furniture_Assembly` (`user_Name`, `date`, `sold`, `furniture_Name`, `assembly_Price`) VALUES ('usuario15', '2021-05-12', '1', 'mueble1', '140.12');
INSERT INTO `Furniture_Assembly` (`user_Name`, `date`, `sold`, `furniture_Name`, `assembly_Price`) VALUES ('usuario15', '2021-05-12', '1', 'mueble1', '140.12');
INSERT INTO `Furniture_Assembly` (`user_Name`, `date`, `sold`, `furniture_Name`, `assembly_Price`) VALUES ('usuario15', '2021-05-12', '1', 'mueble1', '140.12');
INSERT INTO `Furniture_Assembly` (`user_Name`, `date`, `sold`, `furniture_Name`, `assembly_Price`) VALUES ('usuario18', '2021-05-12', '1', 'mueble1', '140.12');
INSERT INTO `Furniture_Assembly` (`user_Name`, `date`, `sold`, `furniture_Name`, `assembly_Price`) VALUES ('usuario18', '2019-10-12', '2', 'mueble1', '140.12');
INSERT INTO `Furniture_Assembly` (`user_Name`, `date`, `sold`, `furniture_Name`, `assembly_Price`) VALUES ('usuario18', '2019-10-12', '2', 'mueble3', '39');
INSERT INTO `Furniture_Assembly` (`user_Name`, `date`, `sold`, `furniture_Name`, `assembly_Price`) VALUES ('usuario18', '2019-10-12', '2', 'mueble3', '39');
INSERT INTO `Furniture_Assembly` (`user_Name`, `date`, `sold`, `furniture_Name`, `assembly_Price`) VALUES ('usuario18', '2019-10-12', '2', 'mueble3', '39');
INSERT INTO `Furniture_Assembly` (`user_Name`, `date`, `sold`, `furniture_Name`, `assembly_Price`) VALUES ('usuario18', '2021-07-12', '2', 'mueble3', '39');
INSERT INTO `Furniture_Assembly` (`user_Name`, `date`, `sold`, `furniture_Name`, `assembly_Price`) VALUES ('usuario18', '2021-07-12', '2', 'mueble1', '178');
INSERT INTO `Furniture_Assembly` (`user_Name`, `date`, `sold`, `furniture_Name`, `assembly_Price`) VALUES ('usuario18', '2021-07-12', '2', 'mueble1', '178');
--  BILL
INSERT INTO `Bill` (`user_Name`, `furniture_Assemby_Id`, `ammount`, `client_NIT`, `buy_Date`) VALUES ('usuario8', '9', '123.75', '03281678k', '2016-07-29');
INSERT INTO `Bill` (`user_Name`, `furniture_Assemby_Id`, `ammount`, `client_NIT`, `buy_Date`) VALUES ('usuario8', '10', '123.75', '091236784', '2016-07-29');
INSERT INTO `Bill` (`user_Name`, `furniture_Assemby_Id`, `ammount`, `client_NIT`, `buy_Date`) VALUES ('usuario8', '11', '123.75', '12021378k', '2016-07-29');
INSERT INTO `Bill` (`user_Name`, `furniture_Assemby_Id`, `ammount`, `client_NIT`, `buy_Date`) VALUES ('usuario8', '12', '123.75', '121456781', '2016-07-30');
INSERT INTO `Bill` (`user_Name`, `furniture_Assemby_Id`, `ammount`, `client_NIT`, `buy_Date`) VALUES ('usuario8', '13', '123.75', '03281678k', '2016-07-30');
INSERT INTO `Bill` (`user_Name`, `furniture_Assemby_Id`, `ammount`, `client_NIT`, `buy_Date`) VALUES ('usuario8', '14', '123.75', '1234123dd', '2016-07-30');
INSERT INTO `Bill` (`user_Name`, `furniture_Assemby_Id`, `ammount`, `client_NIT`, `buy_Date`) VALUES ('usuario9', '15', '123.75', '12345678k', '2016-07-27');
INSERT INTO `Bill` (`user_Name`, `furniture_Assemby_Id`, `ammount`, `client_NIT`, `buy_Date`) VALUES ('usuario9', '16', '420', '12346238k', '2016-07-29');
INSERT INTO `Bill` (`user_Name`, `furniture_Assemby_Id`, `ammount`, `client_NIT`, `buy_Date`) VALUES ('usuario9', '17', '420', '22342679k', '2016-07-29');
INSERT INTO `Bill` (`user_Name`, `furniture_Assemby_Id`, `ammount`, `client_NIT`, `buy_Date`) VALUES ('usuario9', '18', '420', '03281678k', '2016-07-29');
INSERT INTO `Bill` (`user_Name`, `furniture_Assemby_Id`, `ammount`, `client_NIT`, `buy_Date`) VALUES ('usuario9', '19', '420', '41235615k', '2016-07-29');
INSERT INTO `Bill` (`user_Name`, `furniture_Assemby_Id`, `ammount`, `client_NIT`, `buy_Date`) VALUES ('usuario9', '20', '420', '42323678k', '2021-05-14');
INSERT INTO `Bill` (`user_Name`, `furniture_Assemby_Id`, `ammount`, `client_NIT`, `buy_Date`) VALUES ('usuario17', '21', '320', '456000081', '2021-05-15');
INSERT INTO `Bill` (`user_Name`, `furniture_Assemby_Id`, `ammount`, `client_NIT`, `buy_Date`) VALUES ('usuario17', '22', '320', '591056782', '2021-05-15');
INSERT INTO `Bill` (`user_Name`, `furniture_Assemby_Id`, `ammount`, `client_NIT`, `buy_Date`) VALUES ('usuario17', '23', '320', '591056782', '2021-05-15');
INSERT INTO `Bill` (`user_Name`, `furniture_Assemby_Id`, `ammount`, `client_NIT`, `buy_Date`) VALUES ('usuario15', '24', '320', '03281678k', '2021-05-15');
INSERT INTO `Bill` (`user_Name`, `furniture_Assemby_Id`, `ammount`, `client_NIT`, `buy_Date`) VALUES ('usuario15', '25', '320', '03281678k', '2021-05-15');
INSERT INTO `Bill` (`user_Name`, `furniture_Assemby_Id`, `ammount`, `client_NIT`, `buy_Date`) VALUES ('usuario15', '26', '320', '03281678k', '2021-05-15');
INSERT INTO `Bill` (`user_Name`, `furniture_Assemby_Id`, `ammount`, `client_NIT`, `buy_Date`) VALUES ('usuario15', '27', '320', '591056782', '2021-05-15');
INSERT INTO `Bill` (`user_Name`, `furniture_Assemby_Id`, `ammount`, `client_NIT`, `buy_Date`) VALUES ('usuario15', '28', '320', '12345678k', '2021-05-15');
INSERT INTO `Bill` (`user_Name`, `furniture_Assemby_Id`, `ammount`, `client_NIT`, `buy_Date`) VALUES ('usuario18', '29', '320', '591056782', '2021-05-15');
INSERT INTO `Bill` (`user_Name`, `furniture_Assemby_Id`, `ammount`, `client_NIT`, `buy_Date`) VALUES ('usuario18', '30', '320', '03281678k', '2019-10-12');
INSERT INTO `Bill` (`user_Name`, `furniture_Assemby_Id`, `ammount`, `client_NIT`, `buy_Date`) VALUES ('usuario18', '31', '123.75', '03281678k', '2019-10-15');
INSERT INTO `Bill` (`user_Name`, `furniture_Assemby_Id`, `ammount`, `client_NIT`, `buy_Date`) VALUES ('usuario18', '32', '123.75', '03281678k', '2019-10-15');
INSERT INTO `Bill` (`user_Name`, `furniture_Assemby_Id`, `ammount`, `client_NIT`, `buy_Date`) VALUES ('usuario18', '33', '123.75', '22342679k', '2019-10-15');
INSERT INTO `Bill` (`user_Name`, `furniture_Assemby_Id`, `ammount`, `client_NIT`, `buy_Date`) VALUES ('usuario18', '34', '123.75', '121456781', '2021-07-12');
INSERT INTO `Bill` (`user_Name`, `furniture_Assemby_Id`, `ammount`, `client_NIT`, `buy_Date`) VALUES ('usuario18', '35', '320', '03281678k', '2021-07-12');
INSERT INTO `Bill` (`user_Name`, `furniture_Assemby_Id`, `ammount`, `client_NIT`, `buy_Date`) VALUES ('usuario18', '36', '320', '456000081', '2021-07-12');
-- REFUNDS
INSERT INTO `Furniture_Assembly_Pjct`.`Refund` (`bill_Code`, `date`, `ammount`) VALUES ('22', '2019-10-19', '320');
INSERT INTO `Furniture_Assembly_Pjct`.`Refund` (`bill_Code`, `date`, `ammount`) VALUES ('23', '2019-10-19', '123.75');
INSERT INTO `Furniture_Assembly_Pjct`.`Refund` (`bill_Code`, `date`, `ammount`) VALUES ('24', '2019-10-19', '123.75');
INSERT INTO `Furniture_Assembly_Pjct`.`Refund` (`bill_Code`, `date`, `ammount`) VALUES ('25', '2019-10-19', '123.75');
INSERT INTO `Furniture_Assembly_Pjct`.`Refund` (`bill_Code`, `date`, `ammount`) VALUES ('26', '2021-07-18', '123.75');
INSERT INTO `Furniture_Assembly_Pjct`.`Refund` (`bill_Code`, `date`, `ammount`) VALUES ('27', '2021-07-18', '320');
INSERT INTO `Furniture_Assembly_Pjct`.`Refund` (`bill_Code`, `date`, `ammount`) VALUES ('28', '2021-07-18', '320');
